id,username,email,created_at
1,cobaltlagoon85,cobaltlagoon85@opswise.net,2024-03-02 20:03:07
2,urbananchor00,urbananchor00@acme.dev,2024-04-22 03:17:37
3,proudzenith96,proudzenith96@opswise.net,2025-11-29 02:09:22
4,calmvalley67,calmvalley67@example.com,2024-12-16 19:42:10
5,quietanchor77,quietanchor77@opswise.net,2025-02-28 09:44:40
6,vividnetwork70,vividnetwork70@hackstack.io,2025-04-30 20:20:45
7,forestmeadow17,forestmeadow17@relay.cloud,2026-01-05 07:17:27
8,briskcanyon43,briskcanyon43@opswise.net,2025-03-09 22:43:35
9,jadekernel72,jadekernel72@hackstack.io,2024-02-08 13:43:07
10,forestfield74,forestfield74@relay.cloud,2024-11-22 09:40:44
11,urbanmeadow29,urbanmeadow29@opswise.net,2025-06-27 21:57:07
12,navynetwork56,navynetwork56@seeded.app,2025-09-18 02:30:42
13,embersignal43,embersignal43@hackstack.io,2024-03-25 15:09:33
14,ambercanyon25,ambercanyon25@relay.cloud,2024-06-14 01:18:22
15,proudtrail22,proudtrail22@example.com,2025-02-18 23:48:46
16,livelygarden71,livelygarden71@hackstack.io,2024-04-11 20:06:31
17,emberkernel65,emberkernel65@seeded.app,2024-06-11 16:00:02
18,calmvalley80,calmvalley80@hackstack.io,2025-11-06 13:34:18
19,navykernel48,navykernel48@opswise.net,2025-09-10 17:24:01
20,forestnetwork46,forestnetwork46@seeded.app,2024-04-23 00:23:55
21,urbanfield67,urbanfield67@acme.dev,2025-11-29 21:22:11
22,briskuplink43,briskuplink43@relay.cloud,2025-09-13 19:22:48
23,forestmeadow60,forestmeadow60@seeded.app,2024-01-14 22:17:17
24,youngvalley42,youngvalley42@example.com,2024-02-18 19:08:25
25,cobaltnetwork66,cobaltnetwork66@opswise.net,2024-03-09 23:07:09
26,calmgarden09,calmgarden09@relay.cloud,2026-02-01 03:05:58
27,calmisland70,calmisland70@acme.dev,2025-07-16 17:37:03
28,livelykernel47,livelykernel47@hackstack.io,2025-05-28 02:59:58
29,clearpioneer04,clearpioneer04@example.com,2024-05-17 00:14:09
30,warmvalley66,warmvalley66@opswise.net,2024-11-20 23:42:41
31,silverdelta67,silverdelta67@example.com,2024-07-01 13:23:57
32,urbankernel11,urbankernel11@relay.cloud,2024-04-09 11:50:14
33,dawndelta07,dawndelta07@acme.dev,2025-08-04 01:13:18
34,jadevalley41,jadevalley41@opswise.net,2024-05-27 12:09:37
35,quietriver33,quietriver33@example.com,2026-01-31 11:01:29
36,mellowyard09,mellowyard09@acme.dev,2025-12-21 15:04:56
37,harborkernel60,harborkernel60@relay.cloud,2024-06-06 06:34:02
38,cobaltjourney57,cobaltjourney57@opswise.net,2025-01-19 04:04:05
39,vividvalley91,vividvalley91@opswise.net,2025-10-19 03:10:21
40,urbanwindow12,urbanwindow12@acme.dev,2024-01-20 08:50:12
41,harboruplink83,harboruplink83@hackstack.io,2025-05-29 03:10:38
42,rapidsignal94,rapidsignal94@seeded.app,2025-12-12 15:06:50
43,jadewindow54,jadewindow54@opswise.net,2024-01-04 15:17:58
44,cobalttrail54,cobalttrail54@opswise.net,2025-09-06 10:48:53
45,jadegarden76,jadegarden76@relay.cloud,2026-01-11 15:53:15
46,clearfield43,clearfield43@hackstack.io,2025-06-04 22:37:57
47,amberjourney91,amberjourney91@opswise.net,2026-01-29 04:29:36
48,forestfield51,forestfield51@seeded.app,2025-03-27 04:18:00
49,cobaltyard00,cobaltyard00@example.com,2024-05-11 01:16:42
50,vividfield96,vividfield96@opswise.net,2024-01-31 11:19:24
51,harborcanyon46,harborcanyon46@example.com,2024-05-11 10:45:38
52,quietlagoon73,quietlagoon73@example.com,2024-10-27 01:43:06
53,rapidharvest19,rapidharvest19@relay.cloud,2024-06-02 22:01:11
54,opalgarden49,opalgarden49@seeded.app,2025-09-21 10:15:55
55,silverisland91,silverisland91@acme.dev,2026-01-27 19:49:49
56,rapidgarden53,rapidgarden53@relay.cloud,2024-12-19 22:07:44
57,jadenetwork86,jadenetwork86@opswise.net,2025-07-01 03:01:35
58,youngtrail01,youngtrail01@opswise.net,2025-09-14 22:20:39
59,briskbeacon23,briskbeacon23@seeded.app,2025-12-15 00:42:08
60,urbanmeadow87,urbanmeadow87@example.com,2025-12-23 07:43:54
61,livelyuplink63,livelyuplink63@acme.dev,2024-06-24 06:23:45
62,warmcanyon56,warmcanyon56@seeded.app,2024-03-05 14:25:49
63,quietyard05,quietyard05@acme.dev,2024-11-16 00:32:20
64,cobaltfield20,cobaltfield20@example.com,2025-07-08 20:00:40
65,livelypioneer38,livelypioneer38@opswise.net,2024-10-29 10:52:24
66,ivoryquartz84,ivoryquartz84@relay.cloud,2024-08-27 18:27:12
67,ivoryzenith00,ivoryzenith00@relay.cloud,2024-12-18 09:11:54
68,warmsignal01,warmsignal01@opswise.net,2024-02-24 12:37:21
69,ivorysignal58,ivorysignal58@seeded.app,2025-02-11 09:56:22
70,quiettrail99,quiettrail99@hackstack.io,2024-02-04 10:40:10
71,navyvalley92,navyvalley92@seeded.app,2025-01-10 21:07:33
72,cobaltwindow19,cobaltwindow19@example.com,2025-11-15 11:25:54
73,quietuplink72,quietuplink72@seeded.app,2024-03-28 05:46:54
74,jadeengine48,jadeengine48@opswise.net,2025-06-09 22:09:19
75,amberyard85,amberyard85@opswise.net,2025-02-14 21:12:50
76,emberuplink96,emberuplink96@acme.dev,2025-09-25 11:41:30
77,goldtrail36,goldtrail36@opswise.net,2024-10-13 10:18:32
78,goldharvest72,goldharvest72@relay.cloud,2024-10-05 06:49:02
79,dawnquartz48,dawnquartz48@seeded.app,2024-08-24 13:22:05
80,ambersignal15,ambersignal15@example.com,2025-03-07 07:54:16
81,calmorbit74,calmorbit74@opswise.net,2024-06-03 21:26:12
82,keenkernel27,keenkernel27@acme.dev,2024-01-12 23:41:20
83,clearriver04,clearriver04@example.com,2025-06-15 07:24:26
84,urbankernel98,urbankernel98@example.com,2024-06-14 03:13:19
85,goldharvest98,goldharvest98@seeded.app,2024-05-24 01:26:01
86,tidyvalley88,tidyvalley88@opswise.net,2024-04-14 15:05:35
87,mellowanchor67,mellowanchor67@hackstack.io,2024-09-08 21:33:57
88,forestharvest99,forestharvest99@relay.cloud,2025-03-19 06:13:26
89,urbangarden63,urbangarden63@acme.dev,2025-05-01 01:48:31
90,clearquartz56,clearquartz56@example.com,2025-08-01 10:44:27
91,quietgarden29,quietgarden29@relay.cloud,2025-05-10 22:34:09
92,proudmeadow47,proudmeadow47@acme.dev,2025-01-06 12:13:04
93,opalharvest62,opalharvest62@example.com,2024-03-25 20:10:02
94,warmsignal33,warmsignal33@relay.cloud,2025-02-23 15:02:49
95,cobaltorbit01,cobaltorbit01@seeded.app,2025-04-13 05:50:24
96,forestcanyon17,forestcanyon17@acme.dev,2025-03-17 06:26:21
97,mellowharvest89,mellowharvest89@example.com,2025-03-13 00:42:25
98,livelyfield84,livelyfield84@hackstack.io,2024-06-23 21:51:56
99,proudharvest16,proudharvest16@acme.dev,2024-06-18 01:47:43
100,emberdelta97,emberdelta97@seeded.app,2024-09-28 13:23:41
101,urbanbeacon86,urbanbeacon86@acme.dev,2024-11-02 14:40:21
102,younganchor29,younganchor29@seeded.app,2024-05-11 21:24:49
103,goldtrail72,goldtrail72@opswise.net,2024-07-30 07:59:11
104,keenisland80,keenisland80@seeded.app,2025-11-16 12:46:36
105,vividtrail99,vividtrail99@hackstack.io,2025-11-26 09:16:48
106,jadeengine77,jadeengine77@seeded.app,2025-04-28 15:07:53
107,clearyard90,clearyard90@seeded.app,2025-02-08 04:20:16
108,urbantrail97,urbantrail97@example.com,2025-02-04 20:45:46
109,proudzenith44,proudzenith44@opswise.net,2024-07-18 22:27:26
110,tidyzenith05,tidyzenith05@seeded.app,2024-06-21 22:02:59
111,calmuplink83,calmuplink83@example.com,2024-08-01 11:05:40
112,youngtrail90,youngtrail90@example.com,2024-05-24 08:06:35
113,rapidyard86,rapidyard86@acme.dev,2024-06-23 03:59:00
114,silverdelta26,silverdelta26@acme.dev,2024-02-24 04:23:53
115,harborquartz24,harborquartz24@hackstack.io,2025-03-04 12:10:22
116,youngwindow63,youngwindow63@opswise.net,2024-12-27 09:12:49
117,navyorbit55,navyorbit55@relay.cloud,2024-11-04 03:40:41
118,ambernetwork73,ambernetwork73@hackstack.io,2024-01-14 17:37:04
119,cleardelta41,cleardelta41@seeded.app,2026-01-12 01:36:23
120,briskdelta36,briskdelta36@seeded.app,2024-11-15 04:55:57
121,forestisland32,forestisland32@seeded.app,2025-12-22 08:03:53
122,livelyquartz12,livelyquartz12@opswise.net,2024-11-17 07:43:12
123,dawnzenith73,dawnzenith73@acme.dev,2025-09-22 05:56:59
124,ivoryanchor71,ivoryanchor71@relay.cloud,2024-07-12 04:16:44
125,forestquartz47,forestquartz47@opswise.net,2024-10-15 03:52:16
126,mellowriver43,mellowriver43@acme.dev,2024-11-03 21:25:54
127,goldnetwork20,goldnetwork20@acme.dev,2025-05-29 05:39:09
128,prouddelta54,prouddelta54@acme.dev,2024-09-02 16:30:51
129,vividgarden34,vividgarden34@opswise.net,2026-01-16 23:30:49
130,silvertrail33,silvertrail33@seeded.app,2024-03-01 00:51:05
131,proudkernel96,proudkernel96@opswise.net,2025-10-22 04:10:55
132,vividkernel42,vividkernel42@hackstack.io,2025-03-26 19:28:33
133,ambersignal15,ambersignal15@acme.dev,2025-09-19 07:23:33
134,tidyvalley89,tidyvalley89@relay.cloud,2025-05-21 22:49:54
135,rapidfield19,rapidfield19@opswise.net,2024-09-29 20:35:34
136,warmpioneer10,warmpioneer10@relay.cloud,2025-04-26 08:45:43
137,cobaltfield78,cobaltfield78@relay.cloud,2025-03-01 07:06:18
138,quietcanyon71,quietcanyon71@acme.dev,2025-11-02 14:40:01
139,navyvalley71,navyvalley71@acme.dev,2025-10-21 16:56:04
140,tidyharvest51,tidyharvest51@hackstack.io,2024-06-06 04:45:51
141,clearharvest76,clearharvest76@opswise.net,2025-01-31 14:00:03
142,dawnvalley71,dawnvalley71@acme.dev,2025-06-04 13:29:21
143,briskgarden09,briskgarden09@acme.dev,2025-01-02 10:21:03
144,rapidgarden60,rapidgarden60@seeded.app,2025-03-24 23:38:08
145,keenuplink47,keenuplink47@opswise.net,2024-09-09 17:27:14
146,clearnetwork19,clearnetwork19@example.com,2025-01-16 18:45:25
147,opalcanyon39,opalcanyon39@hackstack.io,2025-02-07 20:29:25
148,quietanchor75,quietanchor75@example.com,2024-07-06 06:58:56
149,briskjourney05,briskjourney05@opswise.net,2024-03-15 07:24:21
150,rapidzenith88,rapidzenith88@example.com,2026-01-24 19:46:59
151,brisknetwork62,brisknetwork62@relay.cloud,2024-12-22 07:31:20
152,opalzenith54,opalzenith54@acme.dev,2024-10-09 14:05:46
153,mellownetwork25,mellownetwork25@relay.cloud,2024-09-27 06:03:39
154,proudorbit88,proudorbit88@hackstack.io,2024-03-24 18:39:32
155,goldcanyon05,goldcanyon05@acme.dev,2024-12-19 09:00:24
156,amberuplink73,amberuplink73@hackstack.io,2025-09-22 16:46:57
157,urbannetwork20,urbannetwork20@example.com,2025-07-12 11:23:19
158,emberbeacon72,emberbeacon72@relay.cloud,2025-01-14 16:29:04
159,warmjourney10,warmjourney10@example.com,2025-05-10 02:24:57
160,rapidtrail71,rapidtrail71@relay.cloud,2024-03-02 18:19:26
161,emberyard48,emberyard48@example.com,2025-10-01 22:55:33
162,mellowmeadow94,mellowmeadow94@relay.cloud,2024-07-06 08:07:23
163,ivoryfield00,ivoryfield00@example.com,2025-05-11 00:09:12
164,goldjourney50,goldjourney50@hackstack.io,2024-02-21 04:32:56
165,youngquartz97,youngquartz97@relay.cloud,2024-11-25 02:42:27
166,briskmeadow62,briskmeadow62@opswise.net,2025-03-11 02:54:51
167,tidydelta17,tidydelta17@hackstack.io,2025-11-18 11:09:11
168,clearyard01,clearyard01@acme.dev,2024-11-04 12:41:14
169,jadezenith58,jadezenith58@seeded.app,2024-01-24 11:52:38
170,goldjourney60,goldjourney60@acme.dev,2024-07-16 19:12:54
171,jadebeacon40,jadebeacon40@hackstack.io,2024-08-27 04:51:02
172,harborsignal93,harborsignal93@relay.cloud,2024-09-16 12:16:20
173,cobaltkernel72,cobaltkernel72@hackstack.io,2024-01-01 19:36:40
174,proudengine74,proudengine74@hackstack.io,2025-08-30 08:18:58
175,navykernel67,navykernel67@hackstack.io,2024-08-01 03:14:40
176,quietjourney51,quietjourney51@relay.cloud,2024-01-09 04:55:46
177,rapidorbit21,rapidorbit21@example.com,2025-10-11 05:06:11
178,rapidharvest63,rapidharvest63@seeded.app,2024-12-11 18:20:30
179,harborriver38,harborriver38@seeded.app,2024-04-21 12:31:25
180,vividuplink41,vividuplink41@opswise.net,2024-05-16 05:02:05
181,forestharvest32,forestharvest32@example.com,2024-03-27 12:24:43
182,forestlagoon79,forestlagoon79@seeded.app,2025-06-27 12:17:01
183,rapidvalley74,rapidvalley74@acme.dev,2025-05-13 14:30:15
184,navyharvest00,navyharvest00@acme.dev,2024-10-26 16:55:02
185,livelypioneer97,livelypioneer97@relay.cloud,2025-06-14 08:56:55
186,emberorbit31,emberorbit31@example.com,2024-05-28 14:06:34
187,amberzenith70,amberzenith70@hackstack.io,2025-08-11 21:11:11
188,keenharvest30,keenharvest30@relay.cloud,2024-08-27 09:41:17
189,rapidanchor49,rapidanchor49@opswise.net,2024-04-25 12:13:17
190,calmpioneer04,calmpioneer04@acme.dev,2024-11-13 18:45:51
191,goldzenith07,goldzenith07@seeded.app,2025-11-04 03:32:17
192,dawnvalley47,dawnvalley47@acme.dev,2025-08-28 18:46:13
193,livelyquartz58,livelyquartz58@acme.dev,2025-01-20 22:18:08
194,briskengine47,briskengine47@example.com,2025-05-19 17:08:00
195,dawnharvest53,dawnharvest53@opswise.net,2025-09-01 05:25:15
196,dawngarden17,dawngarden17@hackstack.io,2024-05-25 02:35:53
197,clearsignal69,clearsignal69@acme.dev,2025-02-12 06:15:31
198,briskjourney02,briskjourney02@seeded.app,2024-11-01 17:01:36
199,keenengine48,keenengine48@example.com,2024-02-15 12:54:19
200,calmpioneer60,calmpioneer60@example.com,2025-06-24 10:30:01
201,navylagoon93,navylagoon93@acme.dev,2024-07-01 04:24:51
202,vividkernel16,vividkernel16@relay.cloud,2024-04-24 22:25:23
203,silverharvest97,silverharvest97@example.com,2025-02-08 23:21:43
204,harborvalley83,harborvalley83@hackstack.io,2025-01-17 02:47:23
205,livelymeadow34,livelymeadow34@seeded.app,2025-12-15 04:54:40
206,briskdelta14,briskdelta14@seeded.app,2024-02-13 06:08:36
207,goldzenith79,goldzenith79@seeded.app,2025-11-06 17:32:49
208,proudcanyon71,proudcanyon71@opswise.net,2025-02-22 13:36:11
209,rapidisland88,rapidisland88@example.com,2024-08-24 01:28:23
210,clearsignal74,clearsignal74@hackstack.io,2024-10-11 08:27:13
211,keenwindow55,keenwindow55@seeded.app,2025-12-25 06:00:45
212,ivoryorbit04,ivoryorbit04@acme.dev,2025-12-20 10:24:40
213,amberkernel89,amberkernel89@seeded.app,2025-09-19 15:29:50
214,goldjourney17,goldjourney17@example.com,2024-07-15 11:55:09
215,vividwindow61,vividwindow61@example.com,2024-10-03 06:06:29
216,dawnwindow82,dawnwindow82@hackstack.io,2025-11-29 12:51:25
217,navytrail55,navytrail55@example.com,2026-02-01 14:25:41
218,goldquartz44,goldquartz44@opswise.net,2024-02-16 22:40:17
219,opalzenith61,opalzenith61@relay.cloud,2024-07-18 19:20:16
220,warmsignal47,warmsignal47@acme.dev,2024-04-02 10:25:51
221,clearcanyon30,clearcanyon30@seeded.app,2025-07-09 00:46:26
222,ivoryyard40,ivoryyard40@opswise.net,2025-08-29 05:39:33
223,rapidcanyon68,rapidcanyon68@opswise.net,2025-03-19 03:39:22
224,silverbeacon25,silverbeacon25@acme.dev,2024-01-12 23:04:09
225,harborfield32,harborfield32@hackstack.io,2025-07-09 17:54:33
226,proudkernel68,proudkernel68@relay.cloud,2025-12-17 07:28:05
227,tidypioneer29,tidypioneer29@hackstack.io,2024-03-12 20:08:46
228,dawnnetwork89,dawnnetwork89@seeded.app,2024-08-16 21:10:38
229,livelyquartz24,livelyquartz24@relay.cloud,2024-05-11 23:14:00
230,jadepioneer62,jadepioneer62@acme.dev,2024-03-18 09:18:50
231,livelymeadow58,livelymeadow58@hackstack.io,2026-01-06 14:10:22
232,silverriver64,silverriver64@acme.dev,2024-10-20 20:50:34
233,forestvalley63,forestvalley63@seeded.app,2025-05-16 20:08:09
234,emberanchor54,emberanchor54@example.com,2025-10-03 07:41:16
235,keenorbit37,keenorbit37@relay.cloud,2024-05-21 23:33:59
236,vividorbit62,vividorbit62@opswise.net,2024-05-08 06:20:04
237,goldfield64,goldfield64@example.com,2024-06-13 23:49:50
238,forestuplink69,forestuplink69@example.com,2026-01-14 11:21:36
239,urbanpioneer23,urbanpioneer23@example.com,2025-10-22 21:57:32
240,harborriver05,harborriver05@acme.dev,2024-11-15 11:22:38
241,harborriver33,harborriver33@example.com,2024-12-25 06:56:49
242,calmdelta78,calmdelta78@seeded.app,2025-10-11 03:24:53
243,warmriver02,warmriver02@example.com,2025-09-22 12:06:49
244,dawntrail14,dawntrail14@example.com,2024-06-13 03:03:16
245,rapidyard86,rapidyard86@relay.cloud,2025-07-01 19:17:50
246,jadepioneer80,jadepioneer80@seeded.app,2025-09-22 12:14:33
247,opalpioneer49,opalpioneer49@example.com,2025-01-28 00:56:22
248,mellowvalley68,mellowvalley68@hackstack.io,2024-10-29 05:45:46
249,navyfield79,navyfield79@example.com,2025-03-28 10:36:22
250,tidyisland69,tidyisland69@hackstack.io,2025-03-31 08:00:44
251,urbanisland63,urbanisland63@seeded.app,2024-04-02 00:40:36
252,tidydelta46,tidydelta46@relay.cloud,2025-06-28 02:43:03
253,dawnyard25,dawnyard25@seeded.app,2024-02-22 04:51:35
254,vividtrail29,vividtrail29@opswise.net,2024-01-09 13:56:29
255,cobaltanchor52,cobaltanchor52@hackstack.io,2024-03-18 23:05:16
256,jadepioneer75,jadepioneer75@example.com,2025-11-02 14:23:35
257,cobaltlagoon39,cobaltlagoon39@seeded.app,2025-06-05 13:46:28
258,jadequartz66,jadequartz66@example.com,2025-04-14 12:06:51
259,silverzenith82,silverzenith82@opswise.net,2025-02-26 17:36:46
260,briskyard94,briskyard94@opswise.net,2025-01-13 23:59:14
261,vividisland81,vividisland81@seeded.app,2024-01-26 02:51:37
262,urbangarden51,urbangarden51@relay.cloud,2024-12-19 04:45:28
263,briskgarden42,briskgarden42@relay.cloud,2025-05-23 07:41:42
264,urbanwindow61,urbanwindow61@opswise.net,2024-08-06 11:09:26
265,opalengine06,opalengine06@example.com,2024-07-04 19:23:50
266,jadeharvest47,jadeharvest47@relay.cloud,2025-02-16 05:25:16
267,cobaltfield41,cobaltfield41@seeded.app,2024-02-23 02:15:04
268,quietisland57,quietisland57@seeded.app,2024-02-21 07:24:33
269,amberriver74,amberriver74@example.com,2024-07-27 07:40:09
270,keendelta76,keendelta76@example.com,2025-06-26 03:30:18
271,opalmeadow78,opalmeadow78@acme.dev,2025-09-27 19:23:54
272,emberjourney37,emberjourney37@acme.dev,2024-05-25 21:08:56
273,livelyzenith20,livelyzenith20@seeded.app,2026-01-13 06:27:13
274,dawnwindow89,dawnwindow89@seeded.app,2024-04-15 06:46:30
275,calmisland12,calmisland12@hackstack.io,2025-06-08 11:28:40
276,opalyard55,opalyard55@seeded.app,2024-12-18 21:41:06
277,briskkernel28,briskkernel28@example.com,2025-11-06 19:12:16
278,mellowengine58,mellowengine58@opswise.net,2025-08-13 22:54:08
279,silverbeacon00,silverbeacon00@acme.dev,2024-11-12 10:46:08
280,embersignal18,embersignal18@relay.cloud,2024-04-11 07:52:48
281,keengarden23,keengarden23@seeded.app,2024-04-21 01:07:44
282,briskzenith29,briskzenith29@hackstack.io,2024-02-28 11:54:03
283,tidybeacon82,tidybeacon82@example.com,2025-03-11 08:12:50
284,goldpioneer03,goldpioneer03@example.com,2025-02-02 20:54:00
285,keenbeacon70,keenbeacon70@seeded.app,2025-03-26 09:57:39
286,harbordelta06,harbordelta06@example.com,2024-07-26 19:58:12
287,jadeanchor69,jadeanchor69@example.com,2024-10-29 07:50:24
288,tidyzenith79,tidyzenith79@seeded.app,2024-09-09 16:41:10
289,navyharvest24,navyharvest24@acme.dev,2024-01-26 16:13:54
290,harbornetwork70,harbornetwork70@acme.dev,2024-11-03 12:58:49
291,emberyard54,emberyard54@acme.dev,2025-02-03 08:05:16
292,warmlagoon81,warmlagoon81@acme.dev,2025-08-21 12:22:54
293,harborlagoon43,harborlagoon43@opswise.net,2025-10-17 20:18:44
294,calmnetwork09,calmnetwork09@relay.cloud,2024-03-25 05:41:42
295,proudtrail62,proudtrail62@relay.cloud,2024-07-30 20:38:18
296,youngsignal19,youngsignal19@seeded.app,2025-07-03 12:18:24
297,emberkernel00,emberkernel00@acme.dev,2024-01-01 14:34:50
298,forestwindow56,forestwindow56@example.com,2025-08-30 04:10:11
299,ivorywindow92,ivorywindow92@acme.dev,2024-08-18 13:54:46
300,quietpioneer45,quietpioneer45@acme.dev,2026-01-22 02:22:09
301,dawnnetwork19,dawnnetwork19@seeded.app,2024-03-07 07:16:45
302,ambermeadow13,ambermeadow13@example.com,2025-06-26 03:59:52
303,navybeacon54,navybeacon54@relay.cloud,2024-01-09 16:08:10
304,goldgarden63,goldgarden63@opswise.net,2024-07-28 00:10:26
305,forestisland01,forestisland01@seeded.app,2024-11-08 18:41:10
306,emberquartz18,emberquartz18@relay.cloud,2024-01-10 21:45:16
307,vividcanyon76,vividcanyon76@acme.dev,2025-12-03 10:22:24
308,tidyquartz94,tidyquartz94@relay.cloud,2025-06-20 06:23:53
309,mellowengine24,mellowengine24@relay.cloud,2024-04-18 16:50:15
310,emberriver46,emberriver46@acme.dev,2025-04-11 18:29:17
311,harbormeadow82,harbormeadow82@opswise.net,2025-07-13 08:19:19
312,rapidmeadow16,rapidmeadow16@acme.dev,2024-05-19 07:16:05
313,ivoryuplink55,ivoryuplink55@example.com,2025-06-29 11:18:49
314,ivoryzenith48,ivoryzenith48@opswise.net,2024-02-28 22:20:51
315,vividisland83,vividisland83@opswise.net,2025-05-23 08:59:47
316,jadezenith10,jadezenith10@seeded.app,2025-02-19 13:56:22
317,tidybeacon45,tidybeacon45@hackstack.io,2025-05-19 15:32:24
318,calmanchor54,calmanchor54@example.com,2025-06-11 21:02:56
319,forestuplink19,forestuplink19@opswise.net,2024-09-02 16:59:35
320,jadepioneer13,jadepioneer13@hackstack.io,2025-10-21 16:29:51
321,calmvalley82,calmvalley82@seeded.app,2025-10-24 06:01:59
322,vividnetwork51,vividnetwork51@seeded.app,2025-05-19 23:24:11
323,jadefield49,jadefield49@relay.cloud,2025-11-30 16:28:54
324,ivoryriver40,ivoryriver40@example.com,2024-04-23 07:02:39
325,clearlagoon57,clearlagoon57@relay.cloud,2024-12-22 22:20:39
326,dawndelta39,dawndelta39@acme.dev,2024-09-22 01:41:22
327,livelynetwork03,livelynetwork03@hackstack.io,2025-02-05 21:11:07
328,keenzenith94,keenzenith94@hackstack.io,2025-12-24 16:20:39
329,amberlagoon20,amberlagoon20@seeded.app,2025-02-05 22:43:06
330,cleargarden65,cleargarden65@seeded.app,2025-10-03 17:26:03
331,vividfield20,vividfield20@acme.dev,2025-10-09 23:17:50
332,mellowzenith58,mellowzenith58@example.com,2026-01-06 05:58:57
333,mellowpioneer27,mellowpioneer27@relay.cloud,2025-02-17 22:23:56
334,dawnyard94,dawnyard94@example.com,2026-02-01 00:04:15
335,silverjourney69,silverjourney69@opswise.net,2025-11-23 23:30:34
336,tidyriver61,tidyriver61@hackstack.io,2025-12-21 03:51:48
337,urbanwindow09,urbanwindow09@opswise.net,2024-04-30 13:16:21
338,cobaltpioneer12,cobaltpioneer12@seeded.app,2024-01-20 08:16:55
339,vividharvest92,vividharvest92@example.com,2025-03-27 11:55:17
340,silverkernel17,silverkernel17@relay.cloud,2024-05-22 11:15:33
341,navytrail56,navytrail56@hackstack.io,2024-02-15 12:05:49
342,briskuplink32,briskuplink32@seeded.app,2025-08-09 20:08:55
343,forestsignal90,forestsignal90@example.com,2024-04-08 03:01:26
344,mellowcanyon18,mellowcanyon18@opswise.net,2024-08-31 10:00:36
345,keennetwork11,keennetwork11@example.com,2024-05-27 06:31:12
346,briskyard87,briskyard87@opswise.net,2025-04-03 03:22:43
347,dawnvalley66,dawnvalley66@opswise.net,2024-01-26 20:11:02
348,livelyriver17,livelyriver17@opswise.net,2024-04-29 23:43:45
349,clearkernel99,clearkernel99@hackstack.io,2024-05-28 23:15:58
350,dawnharvest69,dawnharvest69@opswise.net,2024-11-18 05:23:18
351,dawnlagoon66,dawnlagoon66@acme.dev,2024-04-25 19:20:30
352,livelyvalley70,livelyvalley70@opswise.net,2025-01-23 08:37:48
353,amberriver15,amberriver15@acme.dev,2026-01-08 13:13:57
354,youngengine47,youngengine47@example.com,2024-08-16 13:01:51
355,opalanchor15,opalanchor15@example.com,2025-03-04 07:22:07
356,urbangarden67,urbangarden67@opswise.net,2024-05-11 14:51:04
357,brisktrail48,brisktrail48@acme.dev,2025-03-30 01:21:26
358,tidyyard06,tidyyard06@hackstack.io,2024-03-26 05:03:40
359,navyriver65,navyriver65@example.com,2024-07-24 22:55:29
360,goldengine39,goldengine39@opswise.net,2025-11-10 07:00:47
361,amberorbit21,amberorbit21@example.com,2024-06-14 17:00:01
362,emberquartz51,emberquartz51@acme.dev,2024-04-16 13:36:00
363,mellowharvest79,mellowharvest79@example.com,2025-09-30 02:20:26
364,forestuplink67,forestuplink67@relay.cloud,2024-08-23 14:00:36
365,tidynetwork79,tidynetwork79@acme.dev,2025-07-04 12:15:00
366,proudquartz82,proudquartz82@example.com,2024-02-05 18:28:39
367,cobaltuplink72,cobaltuplink72@acme.dev,2025-04-30 07:02:16
368,calmdelta32,calmdelta32@hackstack.io,2025-03-08 14:39:33
369,ambersignal02,ambersignal02@opswise.net,2024-05-20 01:46:31
370,cleargarden89,cleargarden89@opswise.net,2025-12-07 12:54:40
371,navyyard35,navyyard35@relay.cloud,2025-01-14 14:19:50
372,urbananchor57,urbananchor57@acme.dev,2026-01-08 21:39:29
373,vividzenith43,vividzenith43@relay.cloud,2024-07-23 23:09:29
374,calmisland79,calmisland79@acme.dev,2024-01-19 18:38:23
375,navyjourney78,navyjourney78@hackstack.io,2024-01-02 03:29:49
376,navyzenith05,navyzenith05@acme.dev,2026-01-31 12:43:18
377,clearcanyon52,clearcanyon52@seeded.app,2025-07-17 08:48:13
378,harborisland99,harborisland99@opswise.net,2024-06-06 13:29:15
379,calmsignal62,calmsignal62@example.com,2025-05-21 10:17:28
380,calmtrail65,calmtrail65@relay.cloud,2024-02-09 01:27:47
381,goldmeadow09,goldmeadow09@hackstack.io,2024-05-04 18:20:26
382,vividanchor75,vividanchor75@relay.cloud,2025-02-26 15:57:57
383,amberyard34,amberyard34@relay.cloud,2025-06-14 06:37:03
384,tidyvalley74,tidyvalley74@seeded.app,2024-07-29 02:51:19
385,briskjourney44,briskjourney44@opswise.net,2025-02-20 14:37:31
386,youngquartz38,youngquartz38@example.com,2024-10-28 00:46:41
387,rapiduplink44,rapiduplink44@relay.cloud,2025-06-02 03:47:07
388,dawnpioneer60,dawnpioneer60@acme.dev,2024-10-19 08:42:23
389,urbanharvest49,urbanharvest49@relay.cloud,2024-12-14 10:37:15
390,vividharvest05,vividharvest05@hackstack.io,2025-05-19 10:04:36
391,youngriver09,youngriver09@hackstack.io,2025-05-01 20:51:47
392,forestzenith78,forestzenith78@example.com,2025-06-26 20:07:15
393,calmdelta74,calmdelta74@seeded.app,2025-06-14 21:03:28
394,vividisland03,vividisland03@acme.dev,2025-09-12 09:07:23
395,ivoryyard92,ivoryyard92@example.com,2025-08-17 06:12:16
396,amberuplink54,amberuplink54@seeded.app,2024-04-10 11:44:13
397,warmyard96,warmyard96@hackstack.io,2024-03-22 14:05:37
398,rapidfield46,rapidfield46@opswise.net,2024-10-14 10:21:49
399,harborbeacon91,harborbeacon91@seeded.app,2025-04-28 06:11:26
400,warmnetwork76,warmnetwork76@hackstack.io,2025-03-15 05:04:08
